Workbook

Sheet Maandsamenvatting
A1: Maand | B1: Uren gepland | C1: Inkomsten rijschool | D1: Kilometers | E1: Uurtarief | G1: BALANS 2019 | H1: 43830 | I1: 43465
A2: januari 2019 | B2: =SUMIFS(Rittenplanning!$B:$B,Rittenplanning!$A:$A,">="&DATE(2019,1,1),Rittenplanning!$A:$A,"<"&DATE(2019,2,1)) -> 84 | C2: =B2*E2 -> 2730 | D2: =SUMIFS(Rittenplanning!$D:$D,Rittenplanning!$A:$A,">="&DATE(2019,1,1),Rittenplanning!$A:$A,"<"&DATE(2019,2,1)) -> 2249.52 | E2: 32.5
A3: februari 2019 | B3: =SUMIFS(Rittenplanning!$B:$B,Rittenplanning!$A:$A,">="&DATE(2019,2,1),Rittenplanning!$A:$A,"<"&DATE(2019,3,1)) -> 86 | C3: =B3*E3 -> 2795 | D3: =SUMIFS(Rittenplanning!$D:$D,Rittenplanning!$A:$A,">="&DATE(2019,2,1),Rittenplanning!$A:$A,"<"&DATE(2019,3,1)) -> 2224.82 | E3: 32.5 | G3: ACTIVA
A4: maart 2019 | B4: =SUMIFS(Rittenplanning!$B:$B,Rittenplanning!$A:$A,">="&DATE(2019,3,1),Rittenplanning!$A:$A,"<"&DATE(2019,4,1)) -> 88 | C4: =B4*E4 -> 2860 | D4: =SUMIFS(Rittenplanning!$D:$D,Rittenplanning!$A:$A,">="&DATE(2019,3,1),Rittenplanning!$A:$A,"<"&DATE(2019,4,1)) -> 2324.96 | E4: 32.5
A5: april 2019 | B5: =SUMIFS(Rittenplanning!$B:$B,Rittenplanning!$A:$A,">="&DATE(2019,4,1),Rittenplanning!$A:$A,"<"&DATE(2019,5,1)) -> 90 | C5: =B5*E5 -> 2925 | D5: =SUMIFS(Rittenplanning!$D:$D,Rittenplanning!$A:$A,">="&DATE(2019,4,1),Rittenplanning!$A:$A,"<"&DATE(2019,5,1)) -> 2421 | E5: 32.5 | G5: VASTE ACTIVA
A6: mei 2019 | B6: =SUMIFS(Rittenplanning!$B:$B,Rittenplanning!$A:$A,">="&DATE(2019,5,1),Rittenplanning!$A:$A,"<"&DATE(2019,6,1)) -> 92 | C6: =B6*E6 -> 2990 | D6: =SUMIFS(Rittenplanning!$D:$D,Rittenplanning!$A:$A,">="&DATE(2019,5,1),Rittenplanning!$A:$A,"<"&DATE(2019,6,1)) -> 2546.56 | E6: 32.5 | G6: Inventaris (incl computer ed) | H6: 700 | I6: 900
A7: juni 2019 | B7: =SUMIFS(Rittenplanning!$B:$B,Rittenplanning!$A:$A,">="&DATE(2019,6,1),Rittenplanning!$A:$A,"<"&DATE(2019,7,1)) -> 89 | C7: =B7*E7 -> 2892.5 | D7: =SUMIFS(Rittenplanning!$D:$D,Rittenplanning!$A:$A,">="&DATE(2019,6,1),Rittenplanning!$A:$A,"<"&DATE(2019,7,1)) -> 2333.58 | E7: 32.5 | G7: afschrijvingen | H7: 200 | I7: 200
A8: juli 2019 | B8: =SUMIFS(Rittenplanning!$B:$B,Rittenplanning!$A:$A,">="&DATE(2019,7,1),Rittenplanning!$A:$A,"<"&DATE(2019,8,1)) -> 94 | C8: =B8*E8 -> 3055 | D8: =SUMIFS(Rittenplanning!$D:$D,Rittenplanning!$A:$A,">="&DATE(2019,7,1),Rittenplanning!$A:$A,"<"&DATE(2019,8,1)) -> 2601.92 | E8: 32.5 | G8: boekwaarde | H8: =H6-H7 -> 500 | I8: =I6-I7 -> 700
A9: augustus 2019 | B9: =SUMIFS(Rittenplanning!$B:$B,Rittenplanning!$A:$A,">="&DATE(2019,8,1),Rittenplanning!$A:$A,"<"&DATE(2019,9,1)) -> 80 | C9: =B9*E9 -> 2600 | D9: =SUMIFS(Rittenplanning!$D:$D,Rittenplanning!$A:$A,">="&DATE(2019,8,1),Rittenplanning!$A:$A,"<"&DATE(2019,9,1)) -> 2119.2 | E9: 32.5 | H9: =H8 -> 500 | I9: =I8 -> 700
A10: september 2019 | B10: =SUMIFS(Rittenplanning!$B:$B,Rittenplanning!$A:$A,">="&DATE(2019,9,1),Rittenplanning!$A:$A,"<"&DATE(2019,10,1)) -> 90 | C10: =B10*E10 -> 2925 | D10: =SUMIFS(Rittenplanning!$D:$D,Rittenplanning!$A:$A,">="&DATE(2019,9,1),Rittenplanning!$A:$A,"<"&DATE(2019,10,1)) -> 2375.1 | E10: 32.5 | G10: VLOTTENDE ACTIVA
A11: oktober 2019 | B11: =SUMIFS(Rittenplanning!$B:$B,Rittenplanning!$A:$A,">="&DATE(2019,10,1),Rittenplanning!$A:$A,"<"&DATE(2019,11,1)) -> 96 | C11: =B11*E11 -> 3120 | D11: =SUMIFS(Rittenplanning!$D:$D,Rittenplanning!$A:$A,">="&DATE(2019,10,1),Rittenplanning!$A:$A,"<"&DATE(2019,11,1)) -> 2548.8 | E11: 32.5 | G11: te ontvangen Belastingen | H11: 817 | I11: 817
A12: november 2019 | B12: =SUMIFS(Rittenplanning!$B:$B,Rittenplanning!$A:$A,">="&DATE(2019,11,1),Rittenplanning!$A:$A,"<"&DATE(2019,12,1)) -> 92 | C12: =B12*E12 -> 2990 | D12: =SUMIFS(Rittenplanning!$D:$D,Rittenplanning!$A:$A,">="&DATE(2019,11,1),Rittenplanning!$A:$A,"<"&DATE(2019,12,1)) -> 2499.64 | E12: 32.5 | H12: =SUM(H11:H11) -> 817 | I12: =SUM(I11:I11) -> 817
A13: december 2019 | B13: =SUMIFS(Rittenplanning!$B:$B,Rittenplanning!$A:$A,">="&DATE(2019,12,1),Rittenplanning!$A:$A,"<"&DATE(2020,1,1)) -> 99 | C13: =B13*E13 -> 3217.5 | D13: =SUMIFS(Rittenplanning!$D:$D,Rittenplanning!$A:$A,">="&DATE(2019,12,1),Rittenplanning!$A:$A,"<"&DATE(2020,1,1)) -> 2609.64 | E13: 32.5 | G13: LIQUIDE MIDDELEN
G14: Kas/bank | H14: =H29-H9-H12-H15 -> 30735.53 | I14: 49537.337
A15: Totaal | B15: =SUM(B2:B13) -> 1080 | C15: =SUM(C2:C13) -> 35100 | D15: =SUM(D2:D13) -> 28854.74 | E15: 32.5 | G15: priveontrekkingen | H15: -26500 | I15: 0
H16: =SUM(H14:H15) -> 4235.5298 | I16: 49537.337
G17: TOTAAL | H17: =SUM(H9,H12,H16) -> 5552.5298 | I17: 57049.337
A18: Verlies- en winstrekening
A19: Inkomsten - Rijschool | B19: =C15 -> 35100
A20: Kosten - Rijschool | B20: 949.23 | G20: PASSIVA
A21: Kosten - km | B21: =D15*0.23 -> 6636.5902 | G21: Eigen vermogen | H21: =I21+$B24+H15 -> 5552.5298 | I21: 4577
A22: Kosten - Internet/Mobiel | B22: 38.65
A23: Totale kosten | B23: =SUM(B20:B22) -> 7624.4702 | G23: Langlopende schulden
A24: Resultaat | B24: =B19-B23 -> 27475.53 | G24: Kortlopende schulden | H24: =0 -> 0 | I24: 28833.956
G26: Te Betalen Belastingen | H26: =0 -> 0 | I26: 6494.3802
G27: cumm | H27: =SUM(H24:H26) -> 0 | I27: 23638.38
G29: TOTAAL | H29: =H21+H24+H27 -> 5552.5298 | I29: 57049.337

Sheet Rittenplanning
A1: Plandatum | B1: Uren gepland | C1: Km per uur | D1: Kilometers
A2: 43466 | B2: 5 | C2: 26.78 | D2: 133.9
A3: 43467 | B3: 5 | C3: 26.78 | D3: 133.9
A4: 43468 | B4: 5 | C4: 26.78 | D4: 133.9
A5: 43469 | B5: 5 | C5: 26.78 | D5: 133.9
A6: 43472 | B6: 5 | C6: 26.78 | D6: 133.9
A7: 43473 | B7: 5 | C7: 26.78 | D7: 133.9
A8: 43474 | B8: 5 | C8: 26.78 | D8: 133.9
A9: 43475 | B9: 5 | C9: 26.78 | D9: 133.9
A10: 43476 | B10: 5 | C10: 26.78 | D10: 133.9
A11: 43479 | B11: 5 | C11: 26.78 | D11: 133.9
A12: 43480 | B12: 5 | C12: 26.78 | D12: 133.9
A13: 43481 | B13: 5 | C13: 26.78 | D13: 133.9
... A217: 43826 | B217: 4 | C217: 26.36 | D217: 105.44
A219: Totaal | B219: =SUM(B2:B217) -> 1080 | D219: =SUM(D2:D217) -> 28854.74
A221: Km-vergoeding | B221: Jaar 2019 | D221: =D219*0.23 -> 6636.5902
