Workbook

Sheet Maandsamenvatting
A1: 2021 | B1: zakelijk | F1: Prive | I1: BALANS 2021 | J1: 44561 | K1: 44196
A2: Maand | B2: Uren gepland | C2: Inkomsten rijschool | D2: Kilometers | E2: Uurtarief | F2: Hyp rente | G2: SVB -PGB Ramasray
A3: januari 2021 | B3: =SUMIFS(Rittenplanning!$B:$B,Rittenplanning!$A:$A,">="&DATE(2021,1,1),Rittenplanning!$A:$A,"<"&DATE(2021,2,1)) -> 0 | C3: =B3*E3 -> 0 | D3: =SUMIFS(Rittenplanning!$D:$D,Rittenplanning!$A:$A,">="&DATE(2021,1,1),Rittenplanning!$A:$A,"<"&DATE(2021,2,1)) -> 0 | E3: 32.5 | I3: ACTIVA
A4: februari 2021 | B4: =SUMIFS(Rittenplanning!$B:$B,Rittenplanning!$A:$A,">="&DATE(2021,2,1),Rittenplanning!$A:$A,"<"&DATE(2021,3,1)) -> 11 | C4: =B4*E4 -> 357.5 | D4: =SUMIFS(Rittenplanning!$D:$D,Rittenplanning!$A:$A,">="&DATE(2021,2,1),Rittenplanning!$A:$A,"<"&DATE(2021,3,1)) -> 697.4 | E4: 32.5 | F4: 743.81 | G4: =756.03+2315.83+820.55 -> 3892.41 | I4: VASTE ACTIVA
A5: maart 2021 | B5: =SUMIFS(Rittenplanning!$B:$B,Rittenplanning!$A:$A,">="&DATE(2021,3,1),Rittenplanning!$A:$A,"<"&DATE(2021,4,1)) -> 48 | C5: =B5*E5 -> 1560 | D5: =SUMIFS(Rittenplanning!$D:$D,Rittenplanning!$A:$A,">="&DATE(2021,3,1),Rittenplanning!$A:$A,"<"&DATE(2021,4,1)) -> 1030.82 | E5: 32.5 | F5: 743.75 | G5: 2315.83 | I5: Inventaris (incl computer ed) | J5: 350 | K5: 500
A6: april 2021 | B6: =SUMIFS(Rittenplanning!$B:$B,Rittenplanning!$A:$A,">="&DATE(2021,4,1),Rittenplanning!$A:$A,"<"&DATE(2021,5,1)) -> 37 | C6: =B6*E6 -> 1202.5 | D6: =SUMIFS(Rittenplanning!$D:$D,Rittenplanning!$A:$A,">="&DATE(2021,4,1),Rittenplanning!$A:$A,"<"&DATE(2021,5,1)) -> 1197.58 | E6: 32.5 | F6: 745.73 | G6: 2315.83 | I6: afschrijvingen | J6: 150 | K6: 200
A7: mei 2021 | B7: =SUMIFS(Rittenplanning!$B:$B,Rittenplanning!$A:$A,">="&DATE(2021,5,1),Rittenplanning!$A:$A,"<"&DATE(2021,6,1)) -> 37 | C7: =B7*E7 -> 1202.5 | D7: =SUMIFS(Rittenplanning!$D:$D,Rittenplanning!$A:$A,">="&DATE(2021,5,1),Rittenplanning!$A:$A,"<"&DATE(2021,6,1)) -> 1184.68 | E7: 32.5 | F7: 745.73 | G7: 2315.83 | I7: boekwaarde | J7: =J5-J6 -> 200 | K7: =K5-K6 -> 300
A8: juni 2021 | B8: =SUMIFS(Rittenplanning!$B:$B,Rittenplanning!$A:$A,">="&DATE(2021,6,1),Rittenplanning!$A:$A,"<"&DATE(2021,7,1)) -> 28 | C8: =B8*E8 -> 910 | D8: =SUMIFS(Rittenplanning!$D:$D,Rittenplanning!$A:$A,">="&DATE(2021,6,1),Rittenplanning!$A:$A,"<"&DATE(2021,7,1)) -> 1526.15 | E8: 32.5 | F8: 745.73 | G8: 2315.83 | J8: =J7 -> 200 | K8: =K7 -> 300
A9: juli 2021 | B9: =SUMIFS(Rittenplanning!$B:$B,Rittenplanning!$A:$A,">="&DATE(2021,7,1),Rittenplanning!$A:$A,"<"&DATE(2021,8,1)) -> 128 | C9: =B9*E9 -> 4160 | D9: =SUMIFS(Rittenplanning!$D:$D,Rittenplanning!$A:$A,">="&DATE(2021,7,1),Rittenplanning!$A:$A,"<"&DATE(2021,8,1)) -> 1562.88 | E9: 32.5 | F9: 743.75 | G9: 2315.83 | I9: VLOTTENDE ACTIVA
A10: augustus 2021 | B10: =SUMIFS(Rittenplanning!$B:$B,Rittenplanning!$A:$A,">="&DATE(2021,8,1),Rittenplanning!$A:$A,"<"&DATE(2021,9,1)) -> 36 | C10: =B10*E10 -> 1170 | D10: =SUMIFS(Rittenplanning!$D:$D,Rittenplanning!$A:$A,">="&DATE(2021,8,1),Rittenplanning!$A:$A,"<"&DATE(2021,9,1)) -> 1472.24 | E10: 32.5 | F10: 745.73 | G10: 2315.83 | I10: overige vorderingen | J10: 813 | K10: 817
A11: september 2021 | B11: =SUMIFS(Rittenplanning!$B:$B,Rittenplanning!$A:$A,">="&DATE(2021,9,1),Rittenplanning!$A:$A,"<"&DATE(2021,10,1)) -> 42 | C11: =B11*E11 -> 1365 | D11: =SUMIFS(Rittenplanning!$D:$D,Rittenplanning!$A:$A,">="&DATE(2021,9,1),Rittenplanning!$A:$A,"<"&DATE(2021,10,1)) -> 1636.18 | E11: 32.5 | F11: 745.73 | G11: 2315.83 | J11: 813 | K11: =K10 -> 817
A12: oktober 2021 | B12: =SUMIFS(Rittenplanning!$B:$B,Rittenplanning!$A:$A,">="&DATE(2021,10,1),Rittenplanning!$A:$A,"<"&DATE(2021,11,1)) -> 101 | C12: =B12*E12 -> 3282.5 | D12: =SUMIFS(Rittenplanning!$D:$D,Rittenplanning!$A:$A,">="&DATE(2021,10,1),Rittenplanning!$A:$A,"<"&DATE(2021,11,1)) -> 1780.42 | E12: 32.5 | F12: 743.75 | I12: LIQUIDE MIDDELEN
A13: november 2021 | B13: =SUMIFS(Rittenplanning!$B:$B,Rittenplanning!$A:$A,">="&DATE(2021,11,1),Rittenplanning!$A:$A,"<"&DATE(2021,12,1)) -> 65 | C13: =B13*E13 -> 2112.5 | D13: =SUMIFS(Rittenplanning!$D:$D,Rittenplanning!$A:$A,">="&DATE(2021,11,1),Rittenplanning!$A:$A,"<"&DATE(2021,12,1)) -> 2277.82 | E13: 32.5 | F13: 743.75 | I13: Kas/bank | J13: =J27-J8-J11-J14 -> 17754.455 | K13: 27190.905
A14: december 2021 | B14: =SUMIFS(Rittenplanning!$B:$B,Rittenplanning!$A:$A,">="&DATE(2021,12,1),Rittenplanning!$A:$A,"<"&DATE(2022,1,1)) -> 112 | C14: =B14*E14 -> 3640 | D14: =SUMIFS(Rittenplanning!$D:$D,Rittenplanning!$A:$A,">="&DATE(2021,12,1),Rittenplanning!$A:$A,"<"&DATE(2022,1,1)) -> 2618.99 | E14: 32.5 | F14: 743.75 | I14: priveonttrekkingen | J14: -9300 | K14: -21400
J15: =SUM(J13:J14) -> 8454.4548 | K15: =SUM(K13:K14) -> 5790.9048
A16: Totaal | B16: =SUM(B3:B14) -> 645 | C16: =SUM(C3:C14) -> 20962.5 | D16: =SUM(D3:D14) -> 16985.16 | E16: 32.5 | F16: =SUM(F4:F14) -> 8191.21 | G16: =SUM(G4:G14) -> 20103.22 | I16: TOTAAL | J16: =SUM(J8,J11,J15) -> 9467.4548 | K16: =SUM(K8,K11,K15) -> 6907.9048
I18: PASSIVA
A19: Verlies- en winstrekening | I19: Eigen vermogen | J19: =K19+$B25+J14 -> 9467.4548 | K19: 6907.9048
A20: Inkomsten - Rijschool | B20: =C16 -> 20962.5
A21: Kosten - Rijschool | B21: =ROUND(B20*0.2419718574,2) -> 5072.34 | I21: Langlopende schulden | J21: =K21 -> 0 | K21: 0
A22: Kosten - km | B22: =ROUND(D16*0.23,2) -> 3906.59 | I22: Kortlopende schulden | J22: =K22 -> 0 | K22: 0
A23: Kosten - Internet/Mobiel | B23: =ROUND(B20*0.0059160413,2) -> 124.02 | C23: =SUM(B21:B23) -> 9102.95
A24: Totale kosten | B24: =SUM(B21:B23) -> 9102.95 | I24: Te Betalen Belastingen | J24: =K24 -> 0 | K24: 0
A25: Resultaat | B25: =B20-B24 -> 11859.55 | I25: cumm | J25: =SUM(J21:J24) -> 0 | K25: =SUM(K21:K24) -> 0
C26: =B24+B25 -> 20962.5
I27: TOTAAL | J27: =SUM(J19,J21:J25) -> 9467.4548 | K27: =SUM(K19,K21:K25) -> 6907.9048

Sheet Bron transacties
A1: Transactiedatum | B1: Inkomsten rijschool | C1: Uren afgerond | D1: Km per uur | E1: Kilometers | F1: Weken terug
A2: 44239 | B2: 50 | C2: 2 | D2: 23 | E2: 46 | F2: 15
A3: 44251 | B3: 285 | C3: 9 | D3: 24 | E3: 216 | F3: 15
A4: 44273 | B4: 300 | C4: 9 | D4: 25 | E4: 225 | F4: 15
A5: 44277 | B5: 879.5 | C5: 27 | D5: 26 | E5: 702 | F5: 20
A6: 44278 | B6: 300 | C6: 9 | D6: 27 | E6: 243 | F6: 15
A7: 44285 | B7: 85 | C7: 3 | D7: 28 | E7: 84 | F7: 15
A8: 44287 | B8: 234 | C8: 7 | D8: 29 | E8: 203 | F8: 15
A9: 44292 | B9: 60 | C9: 2 | D9: 30 | E9: 60 | F9: 15
A10: 44296 | B10: 269.5 | C10: 8 | D10: 31 | E10: 248 | F10: 15
A11: 44299 | B11: 495 | C11: 15 | D11: 23 | E11: 345 | F11: 15
A12: 44306 | B12: 60 | C12: 2 | D12: 24 | E12: 48 | F12: 15
A13: 44307 | B13: 90 | C13: 3 | D13: 25 | E13: 75 | F13: 15
... A67: 44560 | B67: 325 | C67: 10 | D67: 25 | E67: 250 | F67: 15
A69: Totaal | B69: =SUM(B2:B67) -> 21133 | C69: =SUM(C2:C67) -> 645 | E69: =SUM(E2:E67) -> 17175

Sheet Rittenplanning
A1: Plandatum | B1: Uren gepland | C1: Km per uur | D1: Kilometers
A2: 44231 | B2: 3 | C2: 63.400909 | D2: 190.2
A3: 44242 | B3: 4 | C3: 63.400909 | D3: 253.6
A4: 44250 | B4: 4 | C4: 63.400909 | D4: 253.6
A5: 44256 | B5: 2 | C5: 21.475208 | D5: 42.95
A6: 44258 | B6: 3 | C6: 21.475208 | D6: 64.43
A7: 44260 | B7: 4 | C7: 21.475208 | D7: 85.9
A8: 44264 | B8: 5 | C8: 21.475208 | D8: 107.38
A9: 44266 | B9: 6 | C9: 21.475208 | D9: 128.85
A10: 44270 | B10: 4 | C10: 21.475208 | D10: 85.9
A11: 44272 | B11: 2 | C11: 21.475208 | D11: 42.95
A12: 44274 | B12: 3 | C12: 21.475208 | D12: 64.43
A13: 44278 | B13: 4 | C13: 21.475208 | D13: 85.9
... A146: 44561 | B146: 6 | C146: 23.383929 | D146: 140.3
A148: Totaal | B148: =SUM(B2:B146) -> 645 | D148: =SUM(D2:D146) -> 16985.16
A150: Km-vergoeding | B150: Jaar 2021 | D150: =D148*0.23 -> 3906.5868

Sheet Prive
A1: 2021 | B1: ELQ hyp rente | C1: SVB -PGB Ramasray
A2: januari
A3: februari | B3: 743.81 | C3: =756.03+2315.83+820.55 -> 3892.41
A4: maart | B4: 743.75 | C4: 2315.83
A5: april | B5: 745.73 | C5: 2315.83
A6: mai | B6: 745.73 | C6: 2315.83
A7: juni | B7: 745.73 | C7: 2315.83
A8: juli | B8: 743.75 | C8: 2315.83
A9: augustus | B9: 745.73 | C9: 2315.83
A10: september | B10: 745.73 | C10: 2315.83
A11: oktober | B11: 743.75
A12: november | B12: 743.75
A13: december | B13: 743.75
A14: Totaal | B14: =SUM(B3:B13) -> 8191.21 | C14: =SUM(C3:C13) -> 20103.22
