Workbook

Sheet Maandsamenvatting
A1: 2024 | B1: zakelijk | F1: Prive | I1: BALANS 2024 | J1: 45657 | K1: 45291
A2: Maand | B2: Uren gepland | C2: Inkomsten rijschool | D2: Kilometers | E2: Uurtarief | F2: =IF(Prive!B1="","",Prive!B1) -> ELQ hyp rente | G2: =IF(Prive!C1="","",Prive!C1)
A3: januari 2024 | B3: 156 | C3: =B3*E3 -> 5850 | D3: 4271 | E3: 37.5 | F3: =IF(Prive!B2="","",Prive!B2) -> 1616.42 | G3: =IF(Prive!C2="","",Prive!C2) | I3: ACTIVA
A4: februari 2024 | B4: 150 | C4: =B4*E4 -> 5625 | D4: 4000 | E4: 37.5 | F4: =IF(Prive!B3="","",Prive!B3) -> 1620.38 | G4: =IF(Prive!C3="","",Prive!C3) | I4: VASTE ACTIVA
A5: maart 2024 | B5: 156 | C5: =B5*E5 -> 5850 | D5: 4221 | E5: 37.5 | F5: =IF(Prive!B4="","",Prive!B4) -> 1620.38 | G5: =IF(Prive!C4="","",Prive!C4) | I5: Inventaris (incl computer ed) | J5: 1300 | K5: 200
A6: april 2024 | B6: 144 | C6: =B6*E6 -> 5400 | D6: 3891 | E6: 37.5 | F6: =IF(Prive!B5="","",Prive!B5) -> 1620.38 | G6: =IF(Prive!C5="","",Prive!C5) | I6: afschrijvingen | J6: =K6 -> 150 | K6: 150
A7: mei 2024 | B7: 123 | C7: =B7*E7 -> 4612.5 | D7: 3345 | E7: 37.5 | F7: =IF(Prive!B6="","",Prive!B6) -> 1618.4 | G7: =IF(Prive!C6="","",Prive!C6) | I7: boekwaarde | J7: =J5-J6 -> 1150 | K7: 50
A8: juni 2024 | B8: 112 | C8: =B8*E8 -> 4200 | D8: 3022 | E8: 37.5 | F8: =IF(Prive!B7="","",Prive!B7) -> 1612.4 | G8: =IF(Prive!C7="","",Prive!C7) | J8: =J7 -> 1150 | K8: 50
A9: juli 2024 | B9: 124 | C9: =B9*E9 -> 4650 | D9: 3340 | E9: 37.5 | F9: =IF(Prive!B8="","",Prive!B8) -> 166.5 | G9: =IF(Prive!C8="","",Prive!C8) | I9: VLOTTENDE ACTIVA
A10: augustus 2024 | B10: 157 | C10: =B10*E10 -> 5887.5 | D10: 4217 | E10: 37.5 | F10: =IF(Prive!B9="","",Prive!B9) -> 1568.82 | G10: =IF(Prive!C9="","",Prive!C9) | I10: Overige vorderingen | J10: 900 | K10: 862.5
A11: september 2024 | B11: 127 | C11: =B11*E11 -> 4762.5 | D11: 3393 | E11: 37.5 | F11: =IF(Prive!B10="","",Prive!B10) -> 1568.82 | G11: =IF(Prive!C10="","",Prive!C10) | J11: =J10 -> 900 | K11: =K10 -> 862.5
A12: oktober 2024 | B12: 99 | C12: =B12*E12 -> 3712.5 | D12: 2630 | E12: 37.5 | F12: =IF(Prive!B11="","",Prive!B11) -> 1519.23 | G12: =IF(Prive!C11="","",Prive!C11) | I12: LIQUIDE MIDDELEN
A13: november 2024 | B13: 69 | C13: =B13*E13 -> 2587.5 | D13: 1846 | E13: 37.5 | F13: =IF(Prive!B12="","",Prive!B12) -> 1697.48 | G13: =IF(Prive!C12="","",Prive!C12) | I13: Kas/bank | J13: =J27-J8-J11-J14 -> 69167.605 | K13: 50627.865
A14: december 2024 | B14: 27 | C14: =B14*E14 -> 1012.5 | D14: 725 | E14: 37.5 | F14: =IF(Prive!B13="","",Prive!B13) -> 1469.65 | G14: =IF(Prive!C13="","",Prive!C13) | I14: priveonttrekkingen | J14: -37200 | K14: -31600
E15: 37.5 | J15: =SUM(J13:J14) -> 31967.605 | K15: 19027.865
A16: Totaal | B16: =SUM(B3:B14) -> 1444 | C16: =SUM(C3:C14) -> 54150 | D16: =SUM(D3:D14) -> 38901 | E16: 37.5 | F16: =IF(COUNT(F3:F14)=0,"",SUM(F3:F14)) -> 17698.86 | G16: =IF(COUNT(G3:G14)=0,"",SUM(G3:G14)) | I16: TOTAAL | J16: =SUM(J8,J11,J15) -> 34017.605 | K16: 19894.865
I18: PASSIVA
A19: Verlies- en winstrekening | I19: Eigen vermogen | J19: =K19+$B25+J14 -> 34017.605 | K19: 31176.145
A20: Inkomsten - Rijschool | B20: =C16 -> 54150
A21: Kosten - Rijschool | B21: 4839.58 | I21: Langlopende schulden | J21: =K21 -> 0 | K21: 0
A22: Kosten - km | B22: 8947.23 | I22: Kortlopende schulden | J22: =K22 -> 0 | K22: 0
A23: Kosten - Internet/Mobiel | B23: 321.73
A24: Totale kosten | B24: 14108.54 | I24: Te Betalen Belastingen | J24: =K24 -> 0 | K24: 0
A25: Resultaat | B25: =B20-B24 -> 40041.46 | I25: cumm | J25: =SUM(J21:J24) -> 0 | K25: 0
C26: =B24+B25 -> 54150
I27: TOTAAL | J27: =SUM(J19,J21:J25) -> 34017.605 | K27: 19894.865

Sheet Bron transacties
A1: Transactiedatum | B1: Inkomsten rijschool | C1: Uren afgerond | D1: Km per uur | E1: Kilometers | F1: Weken terug
A2: 45294 | B2: 467 | C2: 14 | D2: 29 | E2: 406 | F2: 15
A3: 45295 | B3: 425 | C3: 13 | D3: 30 | E3: 390 | F3: 15
A4: 45299 | B4: 400 | C4: 12 | D4: 31 | E4: 372 | F4: 15
A5: 45300 | B5: 1054 | C5: 32 | D5: 23 | E5: 736 | F5: 20
A6: 45302 | B6: 245 | C6: 8 | D6: 24 | E6: 192 | F6: 15
A7: 45305 | B7: 245 | C7: 8 | D7: 25 | E7: 200 | F7: 15
A8: 45312 | B8: 425 | C8: 13 | D8: 26 | E8: 338 | F8: 15
A9: 45314 | B9: 245 | C9: 8 | D9: 27 | E9: 216 | F9: 15
A10: 45320 | B10: 1703.2 | C10: 52 | D10: 28 | E10: 1456 | F10: 20
A11: 45321 | B11: 765 | C11: 24 | D11: 29 | E11: 696 | F11: 20
A12: 45328 | B12: 850 | C12: 26 | D12: 30 | E12: 780 | F12: 20
A13: 45331 | B13: 1562 | C13: 48 | D13: 31 | E13: 1488 | F13: 20
... A97: 45653 | B97: 802.5 | C97: 25 | D97: 25 | E97: 625 | F97: 20
A99: Totaal | B99: =SUM(B2:B97) -> 56614.65 | C99: =SUM(C2:C97) -> 1745 | E99: =SUM(E2:E97) -> 47168

Sheet Rittenplanning
A1: Plandatum | B1: Uren gepland | C1: Km per uur | D1: Kilometers
A2: 45293 | B2: 6 | C2: 26.17 | D2: 157
A3: 45294 | B3: 6 | C3: 26.5 | D3: 159
A4: 45295 | B4: 6 | C4: 27.17 | D4: 163
A5: 45296 | B5: 6 | C5: 26.33 | D5: 158
A6: 45297 | B6: 6 | C6: 26.33 | D6: 158
A7: 45299 | B7: 6 | C7: 26 | D7: 156
A8: 45300 | B8: 6 | C8: 27.17 | D8: 163
A9: 45301 | B9: 6 | C9: 27.83 | D9: 167
A10: 45302 | B10: 6 | C10: 27.83 | D10: 167
A11: 45303 | B11: 6 | C11: 29 | D11: 174
A12: 45304 | B12: 6 | C12: 28.5 | D12: 171
A13: 45306 | B13: 6 | C13: 27.17 | D13: 163
... A299: 45647 | B299: 1 | C299: 25 | D299: 25
A301: Totaal | B301: =SUM(B2:B299) -> 1444 | D301: =SUM(D2:D299) -> 38901
A303: Km-vergoeding | B303: Jaar 2024 | D303: =D301*0.23 -> 8947.23

Sheet Prive
A1: 2024 | B1: ELQ hyp rente
A2: januari | B2: 1616.42
A3: februari | B3: 1620.38
A4: maart | B4: 1620.38
A5: april | B5: 1620.38
A6: mei | B6: 1618.4
A7: juni | B7: 1612.4
A8: juli | B8: 166.5
A9: augustus | B9: 1568.82
A10: september | B10: 1568.82
A11: oktober | B11: 1519.23
A12: november | B12: 1697.48
A13: december | B13: 1469.65
A14: Totaal | B14: =SUM(B3:B13) -> 16082.44
