Workbook

Sheet Maandsamenvatting
A1: 2020 | B1: zakelijk | F1: Prive | I1: BALANS 2020 | J1: 44196 | K1: 43830
A2: Maand | B2: Uren gepland | C2: Inkomsten rijschool | D2: Kilometers | E2: Uurtarief | F2: =IF(Prive!B1="","",Prive!B1) -> ELQ hyp rente | G2: =IF(Prive!C1="","",Prive!C1) -> SVB -PGB Ramasray
A3: januari 2020 | B3: =SUMIFS(Rittenplanning!$B:$B,Rittenplanning!$A:$A,">="&DATE(2020,1,1),Rittenplanning!$A:$A,"<"&DATE(2020,2,1)) -> 72 | C3: =B3*E3 -> 2340 | D3: =SUMIFS(Rittenplanning!$D:$D,Rittenplanning!$A:$A,">="&DATE(2020,1,1),Rittenplanning!$A:$A,"<"&DATE(2020,2,1)) -> 1928.16 | E3: 32.5 | F3: =IF(Prive!B2="","",Prive!B2) -> 913.58 | G3: =IF(Prive!C2="","",Prive!C2) | I3: ACTIVA
A4: februari 2020 | B4: =SUMIFS(Rittenplanning!$B:$B,Rittenplanning!$A:$A,">="&DATE(2020,2,1),Rittenplanning!$A:$A,"<"&DATE(2020,3,1)) -> 74 | C4: =B4*E4 -> 2405 | D4: =SUMIFS(Rittenplanning!$D:$D,Rittenplanning!$A:$A,">="&DATE(2020,2,1),Rittenplanning!$A:$A,"<"&DATE(2020,3,1)) -> 1914.38 | E4: 32.5 | F4: =IF(Prive!B3="","",Prive!B3) -> 915.57 | G4: =IF(Prive!C3="","",Prive!C3) | I4: VASTE ACTIVA
A5: maart 2020 | B5: =SUMIFS(Rittenplanning!$B:$B,Rittenplanning!$A:$A,">="&DATE(2020,3,1),Rittenplanning!$A:$A,"<"&DATE(2020,4,1)) -> 76 | C5: =B5*E5 -> 2470 | D5: =SUMIFS(Rittenplanning!$D:$D,Rittenplanning!$A:$A,">="&DATE(2020,3,1),Rittenplanning!$A:$A,"<"&DATE(2020,4,1)) -> 2007.92 | E5: 32.5 | F5: =IF(Prive!B4="","",Prive!B4) -> 761.6 | G5: =IF(Prive!C4="","",Prive!C4) | I5: Inventaris (incl computer ed) | J5: 500 | K5: 700
A6: april 2020 | B6: =SUMIFS(Rittenplanning!$B:$B,Rittenplanning!$A:$A,">="&DATE(2020,4,1),Rittenplanning!$A:$A,"<"&DATE(2020,5,1)) -> 78 | C6: =B6*E6 -> 2535 | D6: =SUMIFS(Rittenplanning!$D:$D,Rittenplanning!$A:$A,">="&DATE(2020,4,1),Rittenplanning!$A:$A,"<"&DATE(2020,5,1)) -> 2098.2 | E6: 32.5 | F6: =IF(Prive!B5="","",Prive!B5) -> 759.62 | G6: =IF(Prive!C5="","",Prive!C5) | I6: afschrijvingen | J6: =K6 -> 200 | K6: 200
A7: mei 2020 | B7: =SUMIFS(Rittenplanning!$B:$B,Rittenplanning!$A:$A,">="&DATE(2020,5,1),Rittenplanning!$A:$A,"<"&DATE(2020,6,1)) -> 80 | C7: =B7*E7 -> 2600 | D7: =SUMIFS(Rittenplanning!$D:$D,Rittenplanning!$A:$A,">="&DATE(2020,5,1),Rittenplanning!$A:$A,"<"&DATE(2020,6,1)) -> 2214.4 | E7: 32.5 | F7: =IF(Prive!B6="","",Prive!B6) -> 765.57 | G7: =IF(Prive!C6="","",Prive!C6) | I7: boekwaarde | J7: =J5-J6 -> 300 | K7: =K5-K6 -> 500
A8: juni 2020 | B8: =SUMIFS(Rittenplanning!$B:$B,Rittenplanning!$A:$A,">="&DATE(2020,6,1),Rittenplanning!$A:$A,"<"&DATE(2020,7,1)) -> 77 | C8: =B8*E8 -> 2502.5 | D8: =SUMIFS(Rittenplanning!$D:$D,Rittenplanning!$A:$A,">="&DATE(2020,6,1),Rittenplanning!$A:$A,"<"&DATE(2020,7,1)) -> 2018.94 | E8: 32.5 | F8: =IF(Prive!B7="","",Prive!B7) -> 918.53 | G8: =IF(Prive!C7="","",Prive!C7) | J8: =J7 -> 300 | K8: =K7 -> 500
A9: juli 2020 | B9: =SUMIFS(Rittenplanning!$B:$B,Rittenplanning!$A:$A,">="&DATE(2020,7,1),Rittenplanning!$A:$A,"<"&DATE(2020,8,1)) -> 82 | C9: =B9*E9 -> 2665 | D9: =SUMIFS(Rittenplanning!$D:$D,Rittenplanning!$A:$A,">="&DATE(2020,7,1),Rittenplanning!$A:$A,"<"&DATE(2020,8,1)) -> 2269.76 | E9: 32.5 | F9: =IF(Prive!B8="","",Prive!B8) -> 909.62 | G9: =IF(Prive!C8="","",Prive!C8) | I9: VLOTTENDE ACTIVA
A10: augustus 2020 | B10: =SUMIFS(Rittenplanning!$B:$B,Rittenplanning!$A:$A,">="&DATE(2020,8,1),Rittenplanning!$A:$A,"<"&DATE(2020,9,1)) -> 70 | C10: =B10*E10 -> 2275 | D10: =SUMIFS(Rittenplanning!$D:$D,Rittenplanning!$A:$A,">="&DATE(2020,8,1),Rittenplanning!$A:$A,"<"&DATE(2020,9,1)) -> 1854.3 | E10: 32.5 | F10: =IF(Prive!B9="","",Prive!B9) -> 903.67 | G10: =IF(Prive!C9="","",Prive!C9) -> 6124.92 | I10: te ontvangen Belastingen | J10: =K10 -> 817 | K10: 817
A11: september 2020 | B11: =SUMIFS(Rittenplanning!$B:$B,Rittenplanning!$A:$A,">="&DATE(2020,9,1),Rittenplanning!$A:$A,"<"&DATE(2020,10,1)) -> 76 | C11: =B11*E11 -> 2470 | D11: =SUMIFS(Rittenplanning!$D:$D,Rittenplanning!$A:$A,">="&DATE(2020,9,1),Rittenplanning!$A:$A,"<"&DATE(2020,10,1)) -> 2005.64 | E11: 32.5 | F11: =IF(Prive!B10="","",Prive!B10) -> 901.68 | G11: =IF(Prive!C10="","",Prive!C10) -> 768.21 | J11: =J10 -> 817 | K11: =K10 -> 817
A12: oktober 2020 | B12: =SUMIFS(Rittenplanning!$B:$B,Rittenplanning!$A:$A,">="&DATE(2020,10,1),Rittenplanning!$A:$A,"<"&DATE(2020,11,1)) -> 82 | C12: =B12*E12 -> 2665 | D12: =SUMIFS(Rittenplanning!$D:$D,Rittenplanning!$A:$A,">="&DATE(2020,10,1),Rittenplanning!$A:$A,"<"&DATE(2020,11,1)) -> 2177.1 | E12: 32.5 | F12: =IF(Prive!B11="","",Prive!B11) -> 901.68 | G12: =IF(Prive!C11="","",Prive!C11) -> 768.21 | I12: LIQUIDE MIDDELEN
A13: november 2020 | B13: =SUMIFS(Rittenplanning!$B:$B,Rittenplanning!$A:$A,">="&DATE(2020,11,1),Rittenplanning!$A:$A,"<"&DATE(2020,12,1)) -> 78 | C13: =B13*E13 -> 2535 | D13: =SUMIFS(Rittenplanning!$D:$D,Rittenplanning!$A:$A,">="&DATE(2020,11,1),Rittenplanning!$A:$A,"<"&DATE(2020,12,1)) -> 2119.26 | E13: 32.5 | F13: =IF(Prive!B12="","",Prive!B12) -> 899.7 | G13: =IF(Prive!C12="","",Prive!C12) -> 634.27 | I13: Kas/bank | J13: =J27-J8-J11-J14 -> 27190.905 | K13: 30735.53
A14: december 2020 | B14: =SUMIFS(Rittenplanning!$B:$B,Rittenplanning!$A:$A,">="&DATE(2020,12,1),Rittenplanning!$A:$A,"<"&DATE(2021,1,1)) -> 79 | C14: =B14*E14 -> 2567.5 | D14: =SUMIFS(Rittenplanning!$D:$D,Rittenplanning!$A:$A,">="&DATE(2020,12,1),Rittenplanning!$A:$A,"<"&DATE(2021,1,1)) -> 2082.44 | E14: 32.5 | F14: =IF(Prive!B13="","",Prive!B13) -> 780.14 | G14: =IF(Prive!C13="","",Prive!C13) -> 733.8 | I14: priveonttrekkingen | J14: -21400 | K14: -26500
J15: =SUM(J13:J14) -> 5790.9048 | K15: 4235.5298
A16: Totaal | B16: =SUM(B3:B14) -> 924 | C16: =SUM(C3:C14) -> 30030 | D16: =SUM(D3:D14) -> 24690.5 | E16: 32.5 | F16: =IF(COUNT(F3:F14)=0,"",SUM(F3:F14)) -> 10330.96 | G16: =IF(COUNT(G3:G14)=0,"",SUM(G3:G14)) -> 9029.41 | I16: TOTAAL | J16: =SUM(J8,J11,J15) -> 6907.9048 | K16: 5552.5298
I18: PASSIVA
A19: Verlies- en winstrekening | I19: Eigen vermogen | J19: =K19+$B25+J14 -> 6907.9048 | K19: 5552.5298
A20: Inkomsten - Rijschool | B20: =C16 -> 30030
A21: Kosten - Rijschool | B21: 1533.38 | I21: Langlopende schulden | J21: =K21 -> 0
A22: Kosten - km | B22: =D16*0.23 -> 5678.815 | I22: Kortlopende schulden | J22: =K22 -> 0 | K22: 0
A23: Kosten - Internet/Mobiel | B23: 62.43
A24: Totale kosten | B24: =SUM(B21:B23) -> 7274.625 | I24: Te Betalen Belastingen | J24: =K24 -> 0 | K24: 0
A25: Resultaat | B25: =B20-B24 -> 22755.375 | I25: cumm | J25: =SUM(J22:J24) -> 0 | K25: 0
I27: TOTAAL | J27: =SUM(J19,J21:J25) -> 6907.9048 | K27: 5552.5298

Sheet Rittenplanning
A1: Plandatum | B1: Uren gepland | C1: Km per uur | D1: Kilometers
A2: 43831 | B2: 4 | C2: 26.78 | D2: 107.12
A3: 43832 | B3: 5 | C3: 26.78 | D3: 133.9
A4: 43833 | B4: 3 | C4: 26.78 | D4: 80.34
A5: 43836 | B5: 6 | C5: 26.78 | D5: 160.68
A6: 43837 | B6: 4 | C6: 26.78 | D6: 107.12
A7: 43838 | B7: 5 | C7: 26.78 | D7: 133.9
A8: 43839 | B8: 3 | C8: 26.78 | D8: 80.34
A9: 43840 | B9: 6 | C9: 26.78 | D9: 160.68
A10: 43843 | B10: 4 | C10: 26.78 | D10: 107.12
A11: 43844 | B11: 5 | C11: 26.78 | D11: 133.9
A12: 43845 | B12: 3 | C12: 26.78 | D12: 80.34
A13: 43846 | B13: 6 | C13: 26.78 | D13: 160.68
... A206: 44189 | B206: 4 | C206: 26.36 | D206: 105.44
A208: Totaal | B208: =SUM(B2:B206) -> 924 | D208: =SUM(D2:D206) -> 24690.5
A210: Km-vergoeding | B210: Jaar 2020 | D210: =D208*0.23 -> 5678.815

Sheet Prive
A1: 2021 | B1: ELQ hyp rente | C1: SVB -PGB Ramasray
A2: januari | B2: 913.58
A3: februari | B3: 915.57
A4: maart | B4: 761.6
A5: april | B5: 759.62
A6: mei | B6: 765.57
A7: juni | B7: 918.53
A8: juli | B8: 909.62
A9: augustus | B9: 903.67 | C9: =733.8+D9+E9+F9+G9+H9+I9 -> 6124.92 | D9: 768.21 | E9: 1146.56 | F9: 707.32 | G9: 1198.29 | H9: 802.53 | I9: 768.21
A10: september | B10: 901.68 | C10: 768.21
A11: oktober | B11: 901.68 | C11: 768.21
A12: november | B12: 899.7 | C12: 634.27
A13: december | B13: 780.14 | C13: 733.8
A14: Totaal | B14: =SUM(B3:B13) -> 9417.38 | C14: =SUM(C3:C13) -> 9029.41
