Workbook

Sheet Maandsamenvatting
A1: 2023 | B1: zakelijk | F1: Prive | I1: BALANS 2023 | J1: 45291 | K1: 44926
A2: Maand | B2: Uren gepland | C2: Inkomsten rijschool | D2: Kilometers | E2: Uurtarief | F2: =IF(prive!B1="","",prive!B1) -> ELQ hyp rente
A3: januari 2023 | B3: 115 | C3: =B3*E3 -> 4312.5 | D3: 3103 | E3: 37.5 | F3: =IF(prive!B2="","",prive!B2) -> 1136.45 | G3: =IF(prive!C2="","",prive!C2) | I3: ACTIVA
A4: februari 2023 | B4: 129 | C4: =B4*E4 -> 4837.5 | D4: 3499 | E4: 37.5 | F4: =IF(prive!B3="","",prive!B3) -> 1233.63 | G4: =IF(prive!C3="","",prive!C3) | I4: VASTE ACTIVA
A5: maart 2023 | B5: 148 | C5: =B5*E5 -> 5550 | D5: 4020 | E5: 37.5 | F5: =IF(prive!B4="","",prive!B4) -> 1253.47 | G5: =IF(prive!C4="","",prive!C4) | I5: Inventaris (incl computer ed) | J5: 200 | K5: 350
A6: april 2023 | B6: 138 | C6: =B6*E6 -> 5175 | D6: 3696 | E6: 37.5 | F6: =IF(prive!B5="","",prive!B5) -> 1326.85 | G6: =IF(prive!C5="","",prive!C5) | I6: afschrijvingen | J6: =K6 -> 150 | K6: 150
A7: mei 2023 | B7: 150 | C7: =B7*E7 -> 5625 | D7: 4016 | E7: 37.5 | F7: =IF(prive!B6="","",prive!B6) -> 1429.98 | G7: =IF(prive!C6="","",prive!C6) | I7: boekwaarde | J7: =J5-J6 -> 50 | K7: =K5-K6 -> 200
A8: juni 2023 | B8: 153 | C8: =B8*E8 -> 5737.5 | D8: 4096 | E8: 37.5 | F8: =IF(prive!B7="","",prive!B7) -> 1449.82 | G8: =IF(prive!C7="","",prive!C7) | J8: =J7 -> 50 | K8: =K7 -> 200
A9: juli 2023 | B9: 140 | C9: =B9*E9 -> 5250 | D9: 3753 | E9: 37.5 | F9: =IF(prive!B8="","",prive!B8) -> 1477.58 | G9: =IF(prive!C8="","",prive!C8) | I9: VLOTTENDE ACTIVA
A10: augustus 2023 | B10: 162 | C10: =B10*E10 -> 6075 | D10: 4372 | E10: 37.5 | F10: =IF(prive!B9="","",prive!B9) | G10: =IF(prive!C9="","",prive!C9) | I10: Overige vorderingen | J10: 862.5 | K10: 817
A11: september 2023 | B11: 156 | C11: =B11*E11 -> 5850 | D11: 4176 | E11: 37.5 | F11: =IF(prive!B10="","",prive!B10) -> 1545.02 | G11: =IF(prive!C10="","",prive!C10) | J11: =J10 -> 862.5 | K11: =K10 -> 817
A12: oktober 2023 | B12: 156 | C12: =B12*E12 -> 5850 | D12: 4152 | E12: 37.5 | F12: =IF(prive!B11="","",prive!B11) -> 1574.77 | G12: =IF(prive!C11="","",prive!C11) | I12: LIQUIDE MIDDELEN
A13: november 2023 | B13: 156 | C13: =B13*E13 -> 5850 | D13: 4325 | E13: 37.5 | F13: =IF(prive!B12="","",prive!B12) -> 1622.37 | G13: =IF(prive!C12="","",prive!C12) | I13: Kas/bank | J13: =J27-J8-J11-J14 -> 61863.645 | K13: 39633.735
A14: december 2023 | B14: 144 | C14: =B14*E14 -> 5400 | D14: 3903 | E14: 37.5 | F14: =IF(prive!B13="","",prive!B13) -> 1616.42 | G14: =IF(prive!C13="","",prive!C13) | I14: priveonttrekkingen | J14: -39200 | K14: -29200
E15: 37.5 | J15: =SUM(J13:J14) -> 22663.645 | K15: =SUM(K13:K14) -> 10433.735
A16: Totaal | B16: =SUM(B3:B14) -> 1747 | C16: =SUM(C3:C14) -> 65512.5 | D16: =SUM(D3:D14) -> 47111 | E16: 37.5 | F16: =IF(COUNT(F3:F14)=0,"",SUM(F3:F14)) -> 15666.36 | I16: TOTAAL | J16: =SUM(J8,J11,J15) -> 23576.145 | K16: =SUM(K8,K11,K15) -> 11450.735
I18: PASSIVA
A19: Verlies- en winstrekening | I19: Eigen vermogen | J19: =K19+$B25+J14 -> 23576.145 | K19: 12155.585
A20: Inkomsten - Rijschool | B20: =C16 -> 65512.5
A21: Kosten - Rijschool | B21: 3932.49 | I21: Langlopende schulden | J21: =K21 -> 0 | K21: 0
A22: Kosten - km | B22: 10835.53 | I22: Kortlopende schulden | J22: =K22 -> 0 | K22: 0
A23: Kosten - Internet/Mobiel | B23: 123.92
A24: Totale kosten | B24: 14891.94 | I24: Te Betalen Belastingen | J24: =K24 -> 0 | K24: 0
A25: Resultaat | B25: =B20-B24 -> 50620.56 | I25: cumm | J25: =SUM(J21:J24) -> 0 | K25: =SUM(K21:K24) -> 0
C26: =B24+B25 -> 65512.5
I27: TOTAAL | J27: =SUM(J19,J21:J25) -> 23576.145 | K27: =SUM(K19,K21:K25) -> 12155.585

Sheet Bron transacties
A1: Transactiedatum | B1: Inkomsten rijschool | C1: Uren afgerond | D1: Km per uur | E1: Kilometers | F1: Weken terug
A2: 44928 | B2: 1019.74 | C2: 31 | D2: 30 | E2: 930 | F2: 20
A3: 44929 | B3: 620 | C3: 19 | D3: 31 | E3: 589 | F3: 19
A4: 44931 | B4: 375 | C4: 12 | D4: 23 | E4: 276 | F4: 15
A5: 44935 | B5: 375 | C5: 12 | D5: 24 | E5: 288 | F5: 15
A6: 44936 | B6: 620 | C6: 19 | D6: 25 | E6: 475 | F6: 19
A7: 44937 | B7: 45 | C7: 1 | D7: 26 | E7: 26 | F7: 15
A8: 44940 | B8: 33.33 | C8: 1 | D8: 27 | E8: 27 | F8: 15
A9: 44942 | B9: 425 | C9: 13 | D9: 28 | E9: 364 | F9: 15
A10: 44945 | B10: 290 | C10: 9 | D10: 29 | E10: 261 | F10: 15
A11: 44952 | B11: 85 | C11: 3 | D11: 30 | E11: 90 | F11: 15
A12: 44956 | B12: 160 | C12: 5 | D12: 31 | E12: 155 | F12: 15
A13: 44962 | B13: 375 | C13: 12 | D13: 23 | E13: 276 | F13: 15
... A108: 45281 | B108: 210 | C108: 6 | D108: 28 | E108: 168 | F108: 15
A110: Totaal | B110: =SUM(B2:B108) -> 54796.07 | C110: =SUM(C2:C108) -> 1687 | E110: =SUM(E2:E108) -> 45354

Sheet Rittenplanning
A1: Plandatum | B1: Uren gepland | C1: Km per uur | D1: Kilometers
A2: 44928 | B2: 3 | C2: 27.67 | D2: 83
A3: 44929 | B3: 4 | C3: 26.75 | D3: 107
A4: 44930 | B4: 6 | C4: 26.33 | D4: 158
A5: 44931 | B5: 5 | C5: 27.4 | D5: 137
A6: 44932 | B6: 6 | C6: 26 | D6: 156
A7: 44933 | B7: 4 | C7: 26 | D7: 104
A8: 44935 | B8: 6 | C8: 27.33 | D8: 164
A9: 44936 | B9: 1 | C9: 27 | D9: 27
A10: 44937 | B10: 5 | C10: 28.4 | D10: 142
A11: 44938 | B11: 5 | C11: 28.2 | D11: 141
A12: 44939 | B12: 6 | C12: 25.5 | D12: 153
A13: 44940 | B13: 6 | C13: 26.33 | D13: 158
... A307: 45290 | B307: 6 | C307: 27.83 | D307: 167
A309: Totaal | B309: =SUM(B2:B307) -> 1747 | D309: =SUM(D2:D307) -> 47111
A311: Km-vergoeding | B311: Jaar 2023 | D311: =D309*0.23 -> 10835.53

Sheet prive
A1: 2023 | B1: ELQ hyp rente | C1: SVB -PGB Ramasray
A2: januari | B2: 1136.45
A3: februari | B3: 1233.63
A4: maart | B4: 1253.47
A5: april | B5: 1326.85
A6: mei | B6: 1429.98
A7: juni | B7: 1449.82
A8: juli | B8: 1477.58
A9: augustus
A10: september | B10: 1545.02
A11: oktober | B11: 1574.77
A12: november | B12: 1622.37
A13: december | B13: 1616.42
A14: Totaal | B14: =SUM(B3:B13) -> 14529.91 | C14: =SUM(C3:C13) -> 0
